799,Misxi 2 Pack Hard PC Case with Tempered Glass Screen Protector Compatible with Apple Watch Series 6 SE Series 5 Series 4 40mm 1 Blue + 1 Transparent,2018
780,HighKey Sugar Free Cookies Lemon Shortbread Cookies - 6.75oz Keto Snack 3-Pack Diabetic Snacks Low Carb Butter Cookie Gluten Free Desserts Healthy Food Diet Friendly No Sugar Almond Flour Sweet Treats,2018
728,Blue Diamond Dark Chocolate Almond Snack Nuts 40oz Bag,2018
725,JMDHKK Anti Spy Detector Bug Detector Hidden Camera Detectors GPS Detector RF Signal Scanner Device Detector for GPS Tracker Listening Device Camera Finder,2018
655,Loma Linda - Plant-Based - Big Franks (20 oz.) (Pack of 3) - Kosher,2018
736,Maledan 6 Pack Bands Compatible with Apple Watch Band 40mm 38mm 44mm 42mm 41mm 45mm Women Men Soft Silicone Waterproof Sport Strap Replacement Wristbands for iWatch Series 7 6 5 4 3 2 1 SE,2019
674,StarKist 25% Less Sodium Premium White Chicken 2.6 Oz Pouch 2.6 Oz,2019
636,Wonderful Pistachios Roasted and Salted Nuts 1.5 Ounce Bag (Pack of 9),2019
522,PLANTERS Deluxe Lightly Salted Whole Cashews 1lb 2.25oz . Resealable Canister - Lightly Salted Cashews & Lightly Salted Nuts - Nutrient Dense Snacks for Adults & Kids - Vegan Snacks Kosher,2019
502,Rockford Fosgate R1675X2 Prime 6.75-Inch Full Range 2-Way Coaxial Speaker - Set of 2,2019
787,Blink Outdoor - wireless weather-resistant HD security camera two-year battery life motion detection set up in minutes â€“ 2 camera kit,2020
678,Mr. Tortilla 1 Net Carb Tortillas | Keto Vegan Kosher | Multigrain (24 Tortillas),2020
578,Bob's Red Mill Cut Oats steel 24 Ounce,2020
574,PLANTERS Deluxe Lightly Salted Mixed Nuts 15.25 oz. Resealable Container - Reduced Sodium Mixed Nuts with Cashews Almonds Hazelnuts Pistachios & Pecans - Vegan Snacks Kosher,2020
572,Kindle Paperwhite Essentials Bundle including Kindle Paperwhite - Wifi Ad-supported Amazon Fabric Cover and Power Adapter,2020
459,Echo (4th Gen) | With premium sound smart home hub and Alexa | Charcoal,2021
380,Supoix Compatible with Apple Watch Band 38mm 40mm 41mm 42mm 44mm 45mm+ Case Women Jewelry Bling Diamond Rhinestone Replacement Metal Strap& 2 Pack PC Protector Case for iWatch Series 7/6/5/4/3/2/1/SE,2021
360,RITUAL ZERO PROOF Gin Alternative | Award-Winning Non-Alcoholic Spirit | 25.4 Fl Oz (750ml) | Zero Calories | Keto Paleo & Low Carb Diet Friendly | Make Delicious Alcohol Free Cocktails,2021
359,Tile Slim (2022) 1-Pack. Thin Bluetooth Tracker Wallet Finder and Item Locator for Wallet Luggage Tags and More; Up to 250 ft. Range. Water-Resistant. Phone Finder. iOS and Android Compatible.,2021
352,Bubly Bounce Caffeinated Sparkling Water 3 Flavor Variety Pack 12oz Cans 18.0 Count,2021
